weight_decay,lr,auc
0.0001,0.01,0.8660778777777777
0.0,0.01,0.8609161222222224
0.01,0.01,0.8600806499999999
0.001,0.01,0.8450517444444443
0.01,0.003,0.7007186666666667
0.001,0.003,0.6988304111111111
0.0,0.003,0.6843819388888888
0.0001,0.003,0.6608349
0.01,0.001,0.5823077055555557
0.0,0.001,0.5805596444444444
0.001,0.001,0.5556868333333334
0.0001,0.001,0.5404127333333333
